{"cameraMode":{"drawMode":0,"name":"Shaded","section":"Shading Mode"},"sceneLighting":true,"audioPlay":false,"sceneViewState":{"showFog":true,"showMaterialUpdate":true,"showSkybox":false,"showFlares":true,"showImageEffects":true,"showParticleSystems":true},"in2DMode":false,"pivot":{"x":0.7396177649497986,"y":0.8990572690963745,"z":0.020431816577911378},"rotation":{"x":0.07728531956672669,"y":0.33620867133140566,"z":0.027695713564753534,"w":-0.9382043480873108},"size":1.4743969440460206,"orthographic":false}