{"cameraMode":{"drawMode":0,"name":"Shaded","section":"Shading Mode"},"sceneLighting":false,"audioPlay":false,"sceneViewState":{"showFog":true,"showMaterialUpdate":false,"showSkybox":false,"showFlares":true,"showImageEffects":true,"showParticleSystems":true},"in2DMode":false,"pivot":{"x":0.6796069145202637,"y":3.756432056427002,"z":11.47048568725586},"rotation":{"x":0.10363293439149857,"y":-0.7186431884765625,"z":0.10971520096063614,"w":0.678804874420166},"size":2.8578836917877199,"orthographic":false}